[{"Place_Id":583,"Place_Name":"ايصال احمر"},{"Place_Id":2079,"Place_Name":"اسيوط"},{"Place_Id":2080,"Place_Name":"ابراج النصر ج شقه 904"},{"Place_Id":2081,"Place_Name":"كورنيش النيل"},{"Place_Id":2082,"Place_Name":"البداري"},{"Place_Id":2566,"Place_Name":"ديروط"},{"Place_Id":2578,"Place_Name":"ابراج النصر"},{"Place_Id":2580,"Place_Name":"مركز الفتح "},{"Place_Id":2581,"Place_Name":"منقباد"},{"Place_Id":2582,"Place_Name":"ابنوب "},{"Place_Id":2602,"Place_Name":"منفلوط "},{"Place_Id":2603,"Place_Name":"القوصيه "},{"Place_Id":2618,"Place_Name":"ابوتيج"},{"Place_Id":2640,"Place_Name":"الوادي الاسيوطي"},{"Place_Id":2651,"Place_Name":"ساحل سليم"},{"Place_Id":2660,"Place_Name":"اسيوط الجديدة "},{"Place_Id":2661,"Place_Name":"صدفه"},{"Place_Id":2685,"Place_Name":"مساكن الجامعه الغربيه"},{"Place_Id":2700,"Place_Name":"اسيوط الحمرا"},{"Place_Id":2701,"Place_Name":"الميدوب"},{"Place_Id":2702,"Place_Name":"الفتح"},{"Place_Id":2720,"Place_Name":"قريه جحدم"}]