[{"Place_Id":859,"Place_Name":"بحيره"},{"Place_Id":2137,"Place_Name":"مساكن المساعدين شركة مصر"},{"Place_Id":2138,"Place_Name":"دمنهور"},{"Place_Id":2395,"Place_Name":"ايتاى البارود "},{"Place_Id":2397,"Place_Name":"المحموديه"},{"Place_Id":2443,"Place_Name":"الرحمانيه"},{"Place_Id":2444,"Place_Name":"كوم حماده "},{"Place_Id":2445,"Place_Name":"ابوالمطامير"},{"Place_Id":2446,"Place_Name":"كفرالدوار"},{"Place_Id":2597,"Place_Name":"ابوحمص"},{"Place_Id":2612,"Place_Name":"ادكوا"},{"Place_Id":2622,"Place_Name":"حوش عيسى"},{"Place_Id":2670,"Place_Name":"مركز بدر"},{"Place_Id":2674,"Place_Name":"رشيد"},{"Place_Id":2679,"Place_Name":"مركز شبرا خيت"},{"Place_Id":2753,"Place_Name":"الدلنجات"}]