[{"Place_Id":1070,"Place_Name":"الفشن"},{"Place_Id":2182,"Place_Name":"gggggg"},{"Place_Id":2480,"Place_Name":"الوسطه"},{"Place_Id":2620,"Place_Name":"بني سويف "},{"Place_Id":2635,"Place_Name":"المدارس"},{"Place_Id":2636,"Place_Name":"بنى سويف"},{"Place_Id":2637,"Place_Name":"الوسطى"},{"Place_Id":2663,"Place_Name":"ش عبد السلام عارف "},{"Place_Id":2664,"Place_Name":"ش صلاح سالم "},{"Place_Id":2665,"Place_Name":"ش عبدالسلام عارف"},{"Place_Id":2666,"Place_Name":"مقبل "},{"Place_Id":2673,"Place_Name":"بني سويف الجديده "},{"Place_Id":2675,"Place_Name":"ش ابراهيم نامق "},{"Place_Id":2677,"Place_Name":"اهناسيا المدينه "},{"Place_Id":2678,"Place_Name":"الاباصيري "}]