[{"Place_Id":2071,"Place_Name":"الجون"},{"Place_Id":2123,"Place_Name":"مركز الشواشنه "},{"Place_Id":2124,"Place_Name":"مركز الشواشنة"},{"Place_Id":2164,"Place_Name":"ميدان الحواتم"},{"Place_Id":2165,"Place_Name":"ميدان العواتم"},{"Place_Id":2195,"Place_Name":"ميدان الشيخ حسن"},{"Place_Id":2671,"Place_Name":"ميدان المسله"},{"Place_Id":2688,"Place_Name":"ابشاواي"},{"Place_Id":2698,"Place_Name":"التعاونيات "},{"Place_Id":2705,"Place_Name":"الحادقه"},{"Place_Id":2708,"Place_Name":"مركز طاميه"},{"Place_Id":2756,"Place_Name":"مركز اطسا"},{"Place_Id":2759,"Place_Name":"باغوص"}]