[{"Place_Id":2074,"Place_Name":"كفر الشيخ"},{"Place_Id":2075,"Place_Name":"الرياض - ابو هيكل"},{"Place_Id":2402,"Place_Name":"كفرالمنشى"},{"Place_Id":2403,"Place_Name":"ابوتمادة"},{"Place_Id":2405,"Place_Name":"سخا"},{"Place_Id":2406,"Place_Name":"تقسيم السلام"},{"Place_Id":2407,"Place_Name":"قلين"},{"Place_Id":2408,"Place_Name":"ابوسكين "},{"Place_Id":2409,"Place_Name":"مساكن المهندسين "},{"Place_Id":2655,"Place_Name":"ابشان"},{"Place_Id":2657,"Place_Name":"دسوق"},{"Place_Id":2658,"Place_Name":"بيلا"},{"Place_Id":2659,"Place_Name":"الحامول"},{"Place_Id":2699,"Place_Name":"الرياض"},{"Place_Id":2704,"Place_Name":"بلطيم"},{"Place_Id":2710,"Place_Name":"الحمراوى"},{"Place_Id":2711,"Place_Name":"كفرالجزاير"},{"Place_Id":2712,"Place_Name":"مساكن الرى"},{"Place_Id":2713,"Place_Name":"سيدي سالم"},{"Place_Id":2714,"Place_Name":"عزبة الحاج علي"},{"Place_Id":2715,"Place_Name":"حي الشهداء"}]