[{"Place_Id":2462,"Place_Name":"المنيا "},{"Place_Id":2464,"Place_Name":"مغاغه "},{"Place_Id":2465,"Place_Name":"العدوه "},{"Place_Id":2466,"Place_Name":"بنى مزار "},{"Place_Id":2467,"Place_Name":"مطاى "},{"Place_Id":2469,"Place_Name":"ملوى "},{"Place_Id":2588,"Place_Name":"المنيا الجديده "},{"Place_Id":2589,"Place_Name":"دير مواس"},{"Place_Id":2590,"Place_Name":"سمالوط"},{"Place_Id":2676,"Place_Name":"ابو قرقاص"},{"Place_Id":2717,"Place_Name":"كفر الشيخ"},{"Place_Id":2721,"Place_Name":"قريه ابو الليل "},{"Place_Id":2731,"Place_Name":"قريه تلا "},{"Place_Id":2750,"Place_Name":"دلقام العطيفي"}]