[{"Place_Id":838,"Place_Name":"بنها"},{"Place_Id":857,"Place_Name":"شبين القناطر"},{"Place_Id":863,"Place_Name":"قناطر الخيريه"},{"Place_Id":2072,"Place_Name":"طوخ"},{"Place_Id":2096,"Place_Name":"شبرا الخيمة"},{"Place_Id":2101,"Place_Name":"قليوب البلد "},{"Place_Id":2112,"Place_Name":"كفر شكر "},{"Place_Id":2114,"Place_Name":"مركز الخانكة "},{"Place_Id":2126,"Place_Name":"قليوب المحطة"},{"Place_Id":2201,"Place_Name":"طنان"},{"Place_Id":2301,"Place_Name":"الخصوص"},{"Place_Id":2378,"Place_Name":"مركز طوخ"},{"Place_Id":2387,"Place_Name":"شبرا البلد"},{"Place_Id":2609,"Place_Name":"كفر الشورفة"},{"Place_Id":2625,"Place_Name":"بسوس"},{"Place_Id":2643,"Place_Name":"الجبل الاصفر "},{"Place_Id":2645,"Place_Name":"ابو زعبل "},{"Place_Id":2662,"Place_Name":"مركز ألاما"},{"Place_Id":2672,"Place_Name":"الألج"}]