[{"Place_Id":2076,"Place_Name":"سوهاج"},{"Place_Id":2509,"Place_Name":"الحويتى "},{"Place_Id":2512,"Place_Name":"قسم ثاني"},{"Place_Id":2513,"Place_Name":"مدينه ناصر"},{"Place_Id":2514,"Place_Name":"دار السلام"},{"Place_Id":2515,"Place_Name":"المنشاه "},{"Place_Id":2586,"Place_Name":"جهينه"},{"Place_Id":2587,"Place_Name":"ساقلته "},{"Place_Id":2606,"Place_Name":"البلينا"},{"Place_Id":2607,"Place_Name":"جرجا "},{"Place_Id":2608,"Place_Name":"طهطا"},{"Place_Id":2626,"Place_Name":"طما"},{"Place_Id":2680,"Place_Name":"اخميم"},{"Place_Id":2689,"Place_Name":"المراغه "},{"Place_Id":2745,"Place_Name":"الشهيد عبد المنعم رياض "},{"Place_Id":2748,"Place_Name":"قريه العسيرات "}]